employee_id,department,location,tenure_years,performance_rating,salary,manager_tenure,hire_date,attrition
1,Sales,New York,2.6,1,72657,1.6,2024-07-15,1
2,Engineering,Remote,1.5,4,82530,1.7,2024-03-07,0
3,Marketing,Austin,5.4,2,92453,5.0,2018-09-11,0
4,HR,Remote,2.6,1,117955,2.4,2022-09-13,0
5,Product,Remote,0.9,5,140866,0.1,2024-07-10,0
6,HR,New York,2.5,1,203587,2.3,2023-07-27,0
7,Finance,Remote,2.8,4,142351,2.5,2021-05-12,0
8,Product,New York,4.6,1,123988,4.4,2021-11-07,0
9,Finance,Menlo Park,1.9,1,79189,1.9,2021-11-02,0
10,Product,Menlo Park,2.8,5,80347,2.6,2021-07-09,0
11,Sales,Seattle,3.9,4,212016,5.2,2021-01-10,1
12,Marketing,Austin,0.5,5,141161,0.1,2021-03-11,0
13,Finance,Menlo Park,5.8,1,150965,4.5,2019-04-25,0
14,Marketing,Austin,1.5,2,135348,0.8,2023-07-27,0
15,Engineering,New York,3.0,3,204032,1.8,2024-03-03,0
16,Sales,Menlo Park,6.4,2,159730,7.4,2020-08-08,0
17,Finance,New York,0.2,2,214435,0.9,2022-09-13,1
18,HR,Seattle,4.0,2,143522,3.4,2018-08-10,0
19,Marketing,Remote,2.6,4,164589,3.8,2018-09-12,0
20,Product,Austin,6.4,2,175507,7.6,2019-02-24,0
21,Engineering,Remote,1.1,3,86598,0.8,2020-05-01,1
22,HR,Menlo Park,1.1,3,126127,0.8,2019-04-18,0
23,Operations,Menlo Park,6.5,4,182156,6.5,2019-02-23,1
24,Finance,Seattle,4.8,2,185467,4.8,2023-12-04,0
25,Sales,New York,4.5,5,67089,5.1,2019-01-08,0
26,Finance,Seattle,3.4,3,103789,2.6,2023-08-22,0
27,Sales,New York,4.0,2,111156,3.0,2020-07-17,0
28,Product,Remote,3.3,1,67596,2.4,2020-03-04,0
29,Finance,Remote,6.2,3,177238,4.8,2020-06-22,0
30,Engineering,New York,3.1,2,148535,3.2,2018-01-08,0
31,Marketing,Seattle,5.2,1,82224,4.0,2020-03-27,0
32,Marketing,New York,2.9,1,147167,2.0,2022-06-10,0
33,Marketing,Menlo Park,4.9,2,82261,5.9,2019-09-12,0
34,HR,Menlo Park,5.3,5,98318,4.3,2021-12-06,0
35,Product,Remote,3.6,1,65609,2.7,2019-02-25,0
36,HR,New York,2.9,2,111067,4.3,2023-08-15,0
37,Product,Remote,2.2,4,202698,1.2,2021-12-20,1
38,Marketing,Remote,5.3,4,195465,4.3,2019-06-20,0
39,HR,New York,3.5,4,64903,2.7,2019-09-06,0
40,Product,New York,3.1,5,91545,4.4,2023-12-14,0
41,HR,Menlo Park,5.1,5,87815,6.4,2018-06-22,0
42,Operations,Austin,3.3,1,207253,2.5,2022-12-21,0
43,Sales,Remote,6.3,5,218895,7.2,2023-09-13,0
44,HR,Menlo Park,3.3,5,124921,2.2,2020-11-29,0
45,HR,New York,5.5,4,95948,6.6,2018-10-25,0
46,Finance,New York,2.8,3,115755,1.9,2019-09-25,0
47,Finance,Seattle,1.0,4,95980,1.8,2022-06-20,0
48,Marketing,New York,6.4,2,118644,5.8,2022-07-13,0
49,Sales,Menlo Park,1.4,1,143499,0.7,2024-03-19,1
50,Marketing,Menlo Park,4.6,3,160753,4.5,2018-09-21,0
51,Engineering,New York,6.3,1,87467,7.0,2020-01-14,1
52,Sales,New York,5.3,4,127792,6.4,2024-05-26,0
53,Marketing,Seattle,0.7,2,75080,0.9,2018-03-10,1
54,Finance,Austin,5.2,5,81952,4.1,2019-05-14,1
55,Marketing,Austin,2.3,4,204982,1.0,2019-06-14,0
56,Engineering,Remote,4.6,2,88692,5.3,2021-07-01,0
57,Finance,Seattle,3.5,3,113967,3.7,2021-01-13,0
58,Sales,Austin,6.5,1,69686,7.9,2020-02-16,0
59,HR,Menlo Park,1.7,1,177192,1.2,2023-07-21,0
60,HR,Menlo Park,6.3,2,140683,4.9,2019-07-27,0
61,Marketing,Seattle,6.4,1,94031,7.7,2020-11-12,0
62,Marketing,New York,0.5,5,159845,0.1,2020-09-19,0
63,Finance,Seattle,0.4,2,108588,1.1,2022-01-31,1
64,Sales,Remote,2.2,3,69030,3.0,2021-10-05,0
65,Marketing,Austin,3.1,2,191796,3.9,2019-01-08,0
66,Sales,Austin,1.0,1,213826,1.3,2020-08-11,0
67,Engineering,Remote,6.2,5,100698,6.5,2023-07-18,0
68,Product,Seattle,4.7,1,97945,3.7,2023-10-03,0
69,Finance,Menlo Park,4.8,2,192524,3.6,2024-05-17,0
70,Operations,Austin,5.4,2,213108,6.6,2022-01-17,1
71,Engineering,Menlo Park,5.4,1,206414,5.0,2020-09-28,0
72,Marketing,Seattle,0.1,5,78379,0.1,2023-11-25,1
73,Engineering,Menlo Park,1.7,3,79516,2.5,2020-08-03,0
74,Finance,Menlo Park,3.3,1,160285,3.4,2018-07-11,0
75,HR,New York,0.6,3,98646,1.3,2021-05-31,0
76,HR,Remote,1.0,1,186463,1.0,2019-02-12,0
77,Finance,New York,4.4,5,136246,5.0,2019-05-01,0
78,HR,New York,2.1,4,82506,3.5,2023-09-07,0
79,Marketing,Seattle,2.6,1,115236,2.4,2023-11-17,0
80,Sales,Seattle,0.9,3,193364,0.1,2020-08-05,0
81,Marketing,Menlo Park,2.6,1,101698,1.3,2022-07-19,0
82,Sales,New York,2.8,3,158593,3.9,2021-08-22,0
83,Operations,Seattle,5.5,2,91468,4.9,2021-04-02,0
84,Sales,Seattle,0.5,5,162278,1.8,2021-02-01,0
85,Operations,Austin,1.9,3,73531,1.5,2020-12-24,0
86,Marketing,Remote,2.1,4,157871,0.9,2022-06-27,0
87,HR,Remote,1.4,1,81122,0.1,2019-07-22,0
88,Finance,Seattle,3.2,2,204207,4.2,2021-02-28,0
89,Sales,Seattle,4.8,4,128201,4.3,2024-04-01,0
90,Finance,Menlo Park,0.9,1,102377,1.8,2023-07-30,0
91,HR,New York,3.0,4,147250,3.2,2020-09-26,0
92,Engineering,New York,2.3,3,83879,3.1,2024-05-22,0
93,Product,Austin,4.9,4,168208,5.2,2022-03-24,0
94,Sales,Seattle,4.9,3,190585,4.7,2023-08-24,0
95,HR,New York,0.7,4,125130,1.0,2021-07-02,0
96,Operations,Austin,0.9,4,171463,0.1,2018-10-27,0
97,Marketing,Remote,5.6,2,177689,4.8,2019-09-15,0
98,HR,Austin,6.1,1,179885,5.9,2019-05-30,1
99,Product,Remote,6.0,2,139634,5.6,2022-11-27,0
100,Finance,Austin,0.7,5,138734,0.1,2020-12-04,0
101,Product,Remote,0.1,3,200896,0.1,2021-07-19,0
102,Finance,New York,3.1,5,121543,3.9,2021-06-13,0
103,Engineering,Austin,1.3,1,170104,2.0,2022-02-25,0
104,Product,Menlo Park,0.3,4,148618,0.7,2018-01-28,0
105,Operations,Seattle,4.8,1,192350,5.7,2021-06-30,0
106,Operations,New York,1.6,3,118049,0.8,2023-07-24,0
107,HR,New York,5.8,4,187153,4.6,2019-08-23,1
108,Marketing,Austin,1.5,2,216271,1.8,2020-01-25,0
109,Marketing,Menlo Park,5.8,1,142365,4.3,2021-09-10,0
110,Product,New York,4.3,4,197572,5.7,2022-03-31,0
111,Operations,Seattle,6.4,2,175981,7.6,2018-11-27,1
112,Sales,Menlo Park,6.2,5,92429,4.8,2021-12-31,0
113,Operations,Seattle,5.4,1,173363,6.8,2022-03-07,0
114,HR,Menlo Park,1.3,4,155485,2.7,2022-07-16,0
115,Engineering,Menlo Park,0.3,1,76404,1.0,2021-10-20,0
116,Sales,Seattle,2.2,3,71425,1.5,2021-02-02,0
117,Sales,Austin,4.7,1,216124,6.1,2023-05-01,0
118,Finance,Menlo Park,6.2,3,161322,5.0,2019-06-28,0
119,Marketing,New York,0.2,2,139512,0.1,2021-08-01,0
120,Marketing,Seattle,5.1,1,216163,5.1,2019-10-18,0
121,Product,Menlo Park,0.5,4,68877,0.3,2022-10-14,0
122,Engineering,Austin,1.8,2,82041,3.0,2023-01-05,0
123,Product,New York,1.0,5,180828,0.1,2024-01-15,0
124,Operations,Austin,5.1,3,137050,5.8,2020-11-06,0
125,Finance,Seattle,1.4,2,124862,2.2,2024-06-26,0
126,Product,Seattle,0.5,2,125969,0.5,2019-02-16,0
127,Finance,Menlo Park,6.4,1,86825,6.5,2023-01-11,0
128,Sales,Austin,5.7,1,121051,7.0,2024-07-16,0
129,Product,Austin,2.5,4,106598,2.2,2018-01-26,0
130,Engineering,Remote,4.6,2,151671,6.0,2018-06-30,0
131,Product,Seattle,0.3,1,113331,0.1,2022-03-03,0
132,Product,Remote,2.1,1,113322,1.2,2018-09-17,0
133,Marketing,Austin,5.2,2,204215,4.8,2019-11-02,1
134,Marketing,Seattle,2.7,3,134265,2.9,2024-05-09,1
135,Sales,Menlo Park,2.8,2,155363,3.1,2018-01-25,0
136,Marketing,New York,2.8,4,83720,2.6,2019-10-28,0
137,Product,Austin,0.4,4,97354,1.6,2022-02-27,0
138,Finance,Remote,1.2,3,151211,2.2,2018-10-02,0
139,Engineering,Menlo Park,3.2,3,111731,4.3,2023-06-01,0
140,Sales,Austin,4.0,1,161684,2.8,2019-10-19,0
141,Finance,New York,4.1,4,111409,5.1,2022-06-26,0
142,HR,New York,2.6,2,92258,3.4,2020-02-28,0
143,Engineering,Remote,5.5,3,69995,6.6,2024-03-03,0
144,Operations,Seattle,4.3,5,140795,5.1,2022-02-14,0
145,Marketing,Remote,2.9,1,66127,2.5,2020-08-21,0
146,Marketing,Remote,5.1,2,180137,4.2,2018-10-02,0
147,Product,Seattle,2.9,4,84042,2.9,2018-06-16,0
148,Finance,New York,0.6,5,142241,1.9,2022-03-28,0
149,Finance,New York,0.3,5,77401,0.1,2020-03-04,0
150,Product,Menlo Park,1.9,2,103282,3.2,2020-10-30,0
151,Product,Seattle,5.8,4,132087,6.9,2023-05-21,0
152,Product,Remote,1.8,2,192646,2.3,2020-01-16,1
153,Marketing,New York,4.2,3,132927,3.0,2020-12-18,0
154,Engineering,Remote,0.4,4,154313,0.2,2019-03-05,0
155,Sales,Remote,4.1,3,163351,4.8,2024-06-22,0
156,Product,Seattle,2.2,4,81334,3.0,2018-07-17,0
157,Sales,Remote,1.7,3,213582,1.0,2020-06-26,0
158,Product,Seattle,4.0,4,173307,4.0,2019-06-25,0
159,Marketing,New York,4.0,1,71949,5.3,2021-05-29,0
160,Engineering,Remote,2.4,4,118788,2.1,2020-04-16,0
161,Sales,Remote,5.4,2,101582,6.9,2019-09-04,0
162,Marketing,Austin,0.5,3,97930,0.8,2018-02-17,0
163,Engineering,Remote,5.8,5,215903,6.0,2023-07-12,0
164,Product,New York,5.9,1,71534,5.8,2020-08-31,0
165,Product,Austin,5.9,1,87503,5.6,2020-03-18,0
166,Product,Menlo Park,1.4,5,219405,1.0,2019-12-17,0
167,HR,Seattle,0.5,4,72711,0.1,2022-11-24,1
168,Finance,Menlo Park,0.6,2,178616,1.4,2020-08-09,1
169,Finance,Austin,0.9,1,129022,1.6,2022-11-22,0
170,Finance,Remote,6.3,2,137494,7.5,2019-11-27,0
171,Sales,New York,5.5,2,113156,4.8,2022-05-12,0
172,Sales,Remote,1.6,4,200602,1.7,2018-01-27,0
173,Operations,Austin,2.9,5,121296,1.7,2022-05-23,0
174,HR,Remote,0.6,2,104969,2.0,2019-10-25,1
175,Sales,New York,4.6,1,68092,5.7,2018-06-24,0
176,Finance,Austin,4.8,5,77239,4.0,2023-12-27,0
177,Finance,Austin,5.7,1,160622,6.5,2018-05-19,0
178,Engineering,Austin,5.4,4,135331,6.6,2020-04-19,0
179,Sales,Seattle,2.3,1,128461,2.7,2018-07-18,0
180,Finance,Seattle,5.9,5,217812,6.0,2018-05-07,0
181,Operations,Menlo Park,0.3,1,195953,0.8,2024-01-13,0
182,HR,New York,4.7,5,83826,3.7,2018-01-06,0
183,HR,New York,1.9,1,74146,2.4,2020-01-26,1
184,Marketing,Remote,2.3,3,195040,2.1,2020-05-29,0
185,Finance,New York,3.3,1,88815,3.3,2024-04-17,0
186,Operations,Austin,4.1,1,153222,4.4,2018-12-19,0
187,Marketing,Austin,2.5,3,139466,2.7,2019-12-02,0
188,Marketing,New York,6.1,5,93260,5.8,2018-05-19,0
189,Sales,Remote,2.2,4,100717,1.7,2019-11-26,0
190,Marketing,Menlo Park,4.5,5,127426,5.3,2020-09-01,0
191,HR,New York,1.8,2,100525,0.4,2023-11-09,0
192,Sales,New York,1.6,3,109616,0.2,2019-02-21,0
193,Product,Austin,1.4,2,99573,0.5,2022-11-17,0
194,Sales,New York,0.8,3,88015,1.7,2018-05-19,0
195,Engineering,Menlo Park,5.6,2,174433,5.6,2023-03-13,0
196,Engineering,New York,1.7,1,166093,1.0,2022-10-28,0
197,Finance,Remote,3.9,2,170403,3.4,2024-07-19,0
198,Operations,New York,4.4,4,92562,4.6,2019-02-05,0
199,Marketing,New York,5.1,3,101014,4.1,2018-03-22,0
200,HR,Menlo Park,3.4,3,107988,2.6,2023-06-30,0
201,Engineering,Austin,1.7,2,117116,1.1,2020-03-29,0
202,HR,Seattle,0.7,4,210617,0.6,2023-09-29,0
203,Engineering,Seattle,3.4,4,167570,4.3,2022-05-27,0
204,HR,Austin,4.8,1,153185,5.5,2018-09-09,0
205,Engineering,Austin,2.8,3,170243,2.6,2021-05-28,0
206,Finance,Menlo Park,6.1,2,198169,4.6,2023-03-08,0
207,Product,New York,0.9,2,78060,1.0,2020-07-14,0
208,Operations,New York,2.4,4,168340,0.9,2019-05-28,0
209,Operations,Menlo Park,2.4,3,120412,1.8,2022-10-12,0
210,Finance,New York,3.2,3,133717,4.0,2023-05-19,0
211,Marketing,Menlo Park,4.1,3,82392,5.1,2022-04-27,0
212,Engineering,Austin,5.4,2,145118,5.3,2024-07-13,0
213,Engineering,Austin,1.4,3,78874,2.1,2019-08-08,0
214,Operations,New York,1.3,3,178478,0.4,2022-07-07,0
215,Operations,Remote,1.2,1,219479,0.7,2021-05-01,0
216,Product,Menlo Park,4.5,1,199144,3.8,2019-04-25,0
217,HR,Austin,1.8,2,121387,1.9,2023-06-07,0
218,Marketing,New York,4.6,4,124635,5.6,2018-01-28,0
219,Product,Seattle,3.1,4,207474,2.6,2022-03-16,0
220,Marketing,Menlo Park,6.5,2,79764,6.1,2018-04-27,0
221,Engineering,Remote,0.4,1,146627,0.4,2019-08-15,0
222,Engineering,New York,4.7,3,93266,5.9,2021-10-30,0
223,Marketing,Remote,3.6,3,115240,3.8,2024-03-19,0
224,Engineering,Seattle,2.0,4,189428,2.5,2023-09-06,0
225,Sales,New York,4.3,3,90914,5.2,2019-06-07,0
226,HR,Austin,5.1,4,70499,4.4,2024-02-12,0
227,HR,Austin,2.7,1,88442,4.1,2023-04-30,0
228,HR,Austin,5.1,5,202514,5.5,2018-12-06,0
229,Product,Austin,4.4,2,180030,5.6,2018-06-01,0
230,Marketing,Austin,6.0,3,63519,4.9,2021-06-21,0
231,HR,Seattle,5.6,4,108438,7.0,2024-05-08,1
232,Finance,Remote,6.1,4,74317,5.9,2019-05-02,1
233,Operations,Menlo Park,3.8,4,166076,5.1,2019-09-29,0
234,Marketing,Menlo Park,3.6,4,81738,4.5,2018-03-05,0
235,Marketing,Austin,0.2,1,91895,1.0,2023-04-19,1
236,Engineering,Seattle,4.7,4,123509,4.0,2018-07-25,0
237,Sales,New York,4.8,3,82096,4.4,2023-03-02,0
238,Finance,Seattle,5.9,1,73804,7.4,2018-11-23,1
239,Marketing,Seattle,2.1,2,217317,0.7,2018-09-02,0
240,Sales,Seattle,6.2,4,175008,5.7,2019-04-24,0
241,Sales,New York,4.1,4,169566,4.4,2021-01-19,0
242,Operations,Remote,2.2,1,133375,1.8,2021-09-22,0
243,Operations,Remote,4.7,2,64063,4.4,2022-10-22,0
244,Product,Menlo Park,2.6,5,158618,1.8,2023-01-23,0
245,Sales,Austin,2.2,4,130260,3.2,2018-06-23,0
246,Sales,New York,5.3,2,209922,6.0,2024-02-22,0
247,Finance,Menlo Park,2.3,5,82298,2.1,2020-03-31,0
248,Operations,New York,2.1,4,75089,2.2,2020-11-09,0
249,HR,Austin,5.2,5,180512,6.4,2018-09-14,0
250,Product,Menlo Park,3.8,5,128037,4.3,2020-04-06,0
251,Product,New York,1.3,3,107367,1.7,2022-07-07,0
252,Operations,Remote,5.6,1,124567,4.3,2019-03-11,0
253,Sales,Menlo Park,5.1,3,100935,4.8,2023-10-29,0
254,HR,Austin,0.7,5,113646,0.7,2020-12-07,0
255,Operations,Seattle,2.8,5,177142,1.8,2020-11-06,0
256,Operations,Austin,2.3,4,107378,3.5,2024-04-02,1
257,Sales,Menlo Park,3.2,5,76825,2.8,2019-01-04,0
258,Sales,Seattle,3.7,5,83536,4.0,2019-10-17,0
259,Sales,New York,6.4,2,118123,7.8,2021-12-12,0
260,Engineering,Remote,5.9,3,72331,5.0,2023-06-04,0
261,Engineering,Austin,1.0,2,61514,0.5,2022-12-13,0
262,Operations,Austin,3.1,3,157435,3.4,2022-04-05,0
263,Product,Menlo Park,1.6,1,97525,1.7,2018-05-28,0
264,Product,New York,0.6,2,157804,0.1,2022-04-27,0
265,Operations,Austin,4.1,3,178576,4.6,2019-04-19,0
266,Finance,Seattle,1.0,1,118104,2.0,2019-08-16,0
267,Marketing,New York,1.8,2,167946,2.8,2021-04-29,0
268,Sales,New York,1.8,3,88636,1.9,2019-09-21,0
269,HR,Austin,4.1,5,115353,4.2,2020-11-21,0
270,Operations,New York,6.3,3,173261,4.8,2019-02-04,0
271,Marketing,Seattle,2.8,1,102518,1.8,2019-08-15,0
272,Finance,Austin,2.9,3,193114,2.9,2023-11-27,0
273,Sales,New York,2.4,4,70629,3.2,2019-07-20,0
274,Operations,New York,3.4,2,120403,4.3,2018-12-25,1
275,HR,Menlo Park,5.0,2,105958,6.1,2020-02-27,0
276,HR,Seattle,1.4,5,77221,1.7,2018-08-15,0
277,HR,Seattle,2.2,1,189241,3.7,2023-05-07,0
278,Product,Seattle,1.7,3,207620,3.1,2024-06-12,0
279,HR,Austin,2.4,5,176855,3.7,2020-09-29,0
280,Operations,Seattle,5.1,5,159978,4.3,2019-03-18,1
281,Finance,Menlo Park,3.0,5,66721,2.1,2020-09-24,0
282,Engineering,New York,4.1,1,104008,4.7,2018-05-04,0
283,Engineering,Austin,6.0,3,111140,7.4,2024-06-19,0
284,Marketing,Remote,1.6,1,176447,2.0,2020-01-04,1
285,Engineering,Seattle,0.9,5,189392,0.9,2019-05-15,0
286,Engineering,Menlo Park,5.8,5,201976,6.6,2024-06-04,0
287,Marketing,Menlo Park,1.2,4,64851,0.6,2023-11-23,0
288,Engineering,Menlo Park,6.3,3,73622,6.8,2021-10-04,0
289,Finance,Menlo Park,5.5,3,207960,4.6,2018-08-08,0
290,Sales,Remote,1.0,2,152646,0.1,2018-02-17,0
291,Sales,Austin,3.5,3,78157,3.7,2018-03-27,0
292,Product,New York,2.8,4,164084,2.4,2018-06-14,0
293,Engineering,Remote,1.8,5,131678,0.9,2019-02-16,1
294,Sales,Austin,3.4,2,173689,2.0,2021-06-04,0
295,Sales,New York,0.9,5,215789,0.1,2023-12-27,1
296,Product,Menlo Park,0.9,3,94437,0.1,2021-01-27,0
297,Product,Austin,4.8,4,135279,4.5,2022-05-03,0
298,Product,Remote,4.6,5,180817,5.2,2021-06-25,0
299,Engineering,New York,2.2,5,109493,2.1,2022-06-12,0
300,Engineering,Seattle,1.1,3,122532,0.9,2021-03-12,0
301,Product,Seattle,0.5,2,65711,0.3,2021-11-26,0
302,Marketing,Austin,3.4,3,175316,2.7,2020-07-11,0
303,Finance,New York,2.8,2,152393,2.3,2021-02-07,0
304,Operations,Remote,0.7,3,184580,0.1,2019-06-06,0
305,Marketing,Austin,0.1,5,204165,1.2,2024-05-31,0
306,Product,Menlo Park,5.5,5,133219,5.2,2023-01-27,0
307,Finance,Menlo Park,1.9,3,152436,2.3,2022-04-24,0
308,Finance,Seattle,0.1,4,190953,0.3,2021-05-30,0
309,Operations,New York,2.9,5,158828,3.7,2021-09-14,0
310,Sales,Remote,5.5,2,145411,4.1,2018-02-13,0
311,Engineering,Austin,1.7,3,190374,0.4,2024-01-15,0
312,HR,Menlo Park,3.4,4,195598,3.7,2021-12-09,0
313,Marketing,Austin,4.4,2,197690,5.6,2022-07-01,0
314,Finance,Remote,6.0,2,100427,4.6,2022-12-08,0
315,Operations,Remote,5.9,3,213984,5.3,2019-01-13,0
316,Product,Seattle,2.1,3,79683,2.1,2021-04-22,0
317,Finance,Seattle,5.4,4,193399,5.0,2023-09-27,0
318,Product,Remote,5.8,2,168071,7.1,2019-03-13,0
319,Sales,Remote,6.5,4,71092,8.0,2024-03-14,1
320,Engineering,Seattle,2.6,5,85820,4.1,2019-12-19,1
321,Marketing,Remote,3.7,5,199326,2.2,2022-08-11,0
322,HR,Austin,1.0,5,195901,2.2,2019-11-30,0
323,HR,Menlo Park,5.4,1,172884,4.9,2024-06-28,0
324,Sales,New York,4.7,3,152758,5.7,2019-02-12,0
325,Operations,Remote,0.5,4,110240,0.1,2020-06-20,1
326,Marketing,Remote,5.0,4,71514,6.3,2020-07-01,0
327,Engineering,New York,6.1,3,105490,7.6,2023-02-09,0
328,Sales,Menlo Park,4.0,1,189905,4.8,2024-07-23,0
329,Product,Menlo Park,2.1,1,186979,1.2,2019-12-12,0
330,Product,Seattle,2.5,3,62000,2.8,2021-10-04,0
331,HR,Menlo Park,2.2,1,77156,2.4,2024-03-18,0
332,Product,Menlo Park,1.3,3,134340,2.1,2018-04-14,1
333,Sales,New York,1.6,1,94043,2.5,2019-06-08,0
334,HR,Menlo Park,3.1,2,122962,3.5,2022-07-18,0
335,Marketing,Remote,1.4,5,184768,2.3,2019-06-21,0
336,Finance,Seattle,3.9,5,175434,2.4,2022-07-14,0
337,HR,Remote,1.5,5,92188,2.7,2022-04-26,0
338,Engineering,Remote,1.0,4,63932,0.4,2020-08-06,0
339,Sales,New York,4.3,1,88563,4.1,2023-08-12,0
340,Operations,Seattle,1.3,1,141598,2.1,2022-06-23,0
341,Sales,Seattle,2.7,2,181756,1.4,2022-02-10,0
342,Finance,Seattle,5.8,4,66622,6.6,2021-12-13,0
343,Finance,Austin,1.3,3,90207,0.1,2018-06-15,0
344,Marketing,Austin,4.0,2,172906,3.2,2018-06-10,0
345,HR,Seattle,4.1,5,107099,3.1,2023-11-04,0
346,Sales,Menlo Park,4.4,3,210804,3.1,2021-03-18,0
347,Engineering,Remote,4.0,2,72411,3.5,2021-07-28,1
348,Product,Seattle,4.9,4,82580,4.3,2020-06-23,0
349,Sales,Remote,0.7,4,171142,0.1,2023-01-29,0
350,HR,Austin,4.4,4,113993,3.9,2019-06-07,0
351,Marketing,New York,0.4,3,206571,1.4,2020-08-24,0
352,HR,Seattle,1.7,2,75566,2.1,2020-04-04,0
353,Finance,Seattle,1.0,4,187518,1.8,2023-10-13,0
354,Finance,Menlo Park,1.0,3,152133,2.1,2024-04-26,0
355,Product,Seattle,4.1,5,90925,4.3,2019-09-27,0
356,HR,Menlo Park,5.5,2,166456,6.7,2022-01-16,0
357,Marketing,New York,0.4,3,133631,1.3,2023-01-10,0
358,Engineering,New York,2.2,5,182856,2.6,2018-10-22,0
359,Engineering,Austin,3.1,1,187277,2.4,2024-04-27,0
360,Sales,Austin,4.2,4,173833,5.1,2018-02-04,0
361,Sales,Austin,4.2,2,125906,5.5,2018-04-14,0
362,Operations,Menlo Park,5.5,3,137677,6.4,2019-11-22,0
363,Engineering,Seattle,4.9,4,145635,5.8,2021-08-04,0
364,Product,Seattle,1.0,3,156803,1.8,2024-05-10,1
365,Operations,Menlo Park,5.9,4,116738,6.1,2021-05-12,0
366,HR,Remote,4.1,2,97195,5.1,2022-07-03,0
367,Engineering,Austin,5.5,2,185672,6.3,2018-05-12,0
368,Operations,Remote,5.6,4,194031,6.7,2018-08-15,1
369,HR,Menlo Park,5.8,4,76441,7.3,2019-12-24,0
370,Finance,New York,2.5,4,61099,1.6,2024-05-13,0
371,Product,Menlo Park,0.6,5,144854,0.7,2019-09-25,0
372,Marketing,Remote,4.1,3,75730,3.8,2024-05-28,0
373,Marketing,Seattle,3.2,3,95874,2.1,2018-04-25,0
374,Operations,New York,1.5,1,177268,2.6,2024-03-22,0
375,HR,Menlo Park,2.4,5,122977,2.6,2020-07-19,0
376,Product,New York,3.6,2,89431,2.5,2019-01-24,0
377,Product,Remote,4.4,2,188261,4.2,2024-06-03,0
378,Finance,Austin,4.8,5,214260,6.1,2018-10-28,0
379,Operations,Menlo Park,1.0,5,191892,1.0,2019-04-15,0
380,Finance,Remote,0.8,5,162750,1.8,2024-04-25,0
381,Marketing,Austin,1.0,4,75087,1.8,2018-03-04,0
382,Finance,Remote,6.2,3,180509,7.3,2018-12-26,0
383,HR,New York,3.7,2,152972,4.1,2018-02-17,0
384,Operations,Seattle,0.9,5,157783,0.2,2023-06-26,0
385,Engineering,Remote,2.4,5,153255,2.9,2018-05-20,0
386,Finance,New York,1.7,4,110632,3.1,2022-12-07,0
387,Engineering,Austin,3.2,3,79334,4.1,2021-04-02,0
388,Operations,Menlo Park,5.5,3,214223,5.4,2021-01-05,0
389,Marketing,Austin,0.3,4,99566,0.3,2018-05-26,0
390,Engineering,New York,4.1,4,217277,3.1,2023-01-12,0
391,Marketing,New York,5.7,1,195527,6.1,2021-06-28,0
392,Product,Remote,4.1,2,115412,3.1,2021-09-19,0
393,HR,Menlo Park,2.6,3,152715,4.1,2021-09-29,0
394,Product,Austin,1.7,1,219557,1.3,2019-08-12,0
395,Sales,Menlo Park,1.8,3,191072,2.2,2024-07-21,0
396,Product,Austin,6.0,2,84969,5.2,2019-02-10,0
397,Sales,Seattle,5.2,2,122400,4.7,2021-10-30,0
398,Finance,Seattle,3.4,3,124278,2.3,2021-10-01,0
399,Engineering,Seattle,4.4,5,186213,4.8,2020-08-19,0
400,Sales,New York,1.0,4,61895,1.3,2021-05-23,0
401,Product,Remote,0.5,3,139033,1.2,2021-10-26,0
402,Engineering,New York,3.8,5,80979,4.8,2023-04-01,0
403,Sales,Menlo Park,4.7,4,77759,5.2,2020-11-20,0
404,HR,Austin,5.0,2,130267,4.4,2022-06-25,0
405,Marketing,New York,5.8,5,134091,5.4,2018-08-21,0
406,Product,Remote,0.4,5,79253,0.9,2020-02-10,0
407,Sales,Remote,4.2,3,63933,2.9,2021-08-31,0
408,Operations,Austin,4.3,5,166251,3.8,2018-08-24,0
409,Operations,Menlo Park,5.2,5,82858,5.7,2022-06-25,0
410,Sales,Menlo Park,5.7,3,66747,5.5,2018-08-18,0
411,Marketing,Remote,4.6,2,146288,5.8,2019-08-08,0
412,HR,Austin,2.4,4,154824,2.9,2024-03-23,0
413,Product,Remote,3.8,5,120293,4.5,2018-05-10,0
414,Operations,Seattle,4.3,4,204046,4.1,2023-12-10,0
415,Sales,New York,1.7,4,206310,2.9,2022-01-24,0
416,Product,New York,2.7,1,83569,2.3,2024-02-04,0
417,HR,New York,3.7,3,107662,2.4,2019-09-04,0
418,Product,New York,3.5,2,151967,3.7,2020-05-23,0
419,Finance,Seattle,5.9,4,161981,6.8,2018-04-19,0
420,Engineering,Austin,0.5,3,165343,1.8,2022-08-07,0
421,Marketing,New York,0.3,3,65443,0.1,2021-12-22,0
422,Product,Seattle,5.0,3,133054,3.9,2024-05-21,0
423,Operations,New York,3.2,2,130064,2.2,2021-09-19,0
424,Engineering,Menlo Park,5.7,2,125465,6.2,2023-01-30,0
425,Product,Remote,0.4,3,115002,1.8,2022-12-04,0
426,Product,Menlo Park,5.6,1,138014,4.7,2018-02-08,0
427,Product,Seattle,1.1,1,152189,0.3,2022-06-15,0
428,Engineering,Menlo Park,2.3,3,163986,0.9,2020-08-18,1
429,Product,Austin,0.3,5,192325,1.1,2019-03-06,0
430,Finance,Austin,0.4,1,142966,0.1,2023-06-20,1
431,Product,Remote,2.8,2,106918,2.2,2024-02-13,0
432,HR,Austin,3.5,1,190093,4.0,2020-07-06,0
433,Finance,Austin,1.8,1,106457,2.5,2018-06-26,1
434,Product,Remote,0.4,3,205914,1.1,2018-06-19,0
435,Finance,Menlo Park,3.6,3,203867,3.0,2021-01-05,0
436,Marketing,Menlo Park,2.1,4,169877,0.7,2022-04-28,0
437,Marketing,New York,5.8,2,61376,5.5,2020-11-09,0
438,Finance,Remote,4.8,2,123114,4.3,2018-05-18,1
439,Finance,Austin,2.7,3,206412,2.1,2021-07-16,0
440,Marketing,Remote,0.1,5,183366,0.6,2022-04-06,0
441,Product,Menlo Park,2.4,4,76808,1.0,2021-08-12,0
442,Engineering,Remote,4.4,3,129449,3.2,2021-11-25,0
443,HR,Remote,3.2,2,117992,4.5,2022-01-31,0
444,HR,New York,3.5,2,155890,3.0,2023-03-01,0
445,Product,Austin,2.2,4,154833,3.3,2020-10-27,0
446,Marketing,Austin,2.4,5,196992,3.0,2021-01-31,0
447,Marketing,Seattle,6.5,4,89307,6.1,2019-12-16,0
448,Operations,Remote,1.1,3,94215,1.1,2022-02-27,0
449,HR,Seattle,5.2,1,126287,5.0,2020-11-29,1
450,Engineering,Remote,1.2,3,202779,0.1,2020-12-23,0
451,Operations,Menlo Park,0.7,1,189339,1.6,2021-04-04,0
452,HR,Seattle,6.0,4,176006,6.4,2021-04-24,0
453,Marketing,Menlo Park,4.2,3,127316,5.0,2019-06-15,0
454,HR,New York,6.4,3,212099,7.7,2018-10-17,0
455,Engineering,Menlo Park,2.5,4,197839,2.5,2018-04-15,0
456,Engineering,Remote,3.7,4,181157,4.0,2018-09-24,0
457,Marketing,Menlo Park,3.2,1,194163,2.7,2022-07-04,0
458,HR,Austin,6.0,5,137065,6.5,2023-02-27,0
459,Engineering,Austin,1.5,5,80220,0.5,2018-12-28,0
460,Operations,New York,3.7,2,74419,3.1,2018-08-13,0
461,HR,Menlo Park,5.5,4,96757,4.5,2019-08-20,0
462,Sales,Seattle,1.3,2,61579,0.1,2020-12-10,0
463,Engineering,Seattle,2.6,5,138322,2.9,2018-07-29,0
464,Sales,Seattle,1.7,4,159674,0.6,2020-04-07,0
465,Product,Austin,1.4,4,157991,0.9,2019-08-02,0
466,Sales,Seattle,1.4,1,205785,0.7,2018-10-05,1
467,Marketing,Remote,5.4,3,69257,6.2,2020-04-01,0
468,Finance,New York,5.2,5,215213,5.3,2022-12-28,0
469,Product,New York,0.5,1,173697,1.9,2018-10-22,0
470,Operations,Remote,3.3,5,63720,2.6,2020-06-23,0
471,Finance,Seattle,5.2,2,200102,6.3,2020-04-27,0
472,HR,Austin,3.1,1,112855,1.7,2020-11-21,0
473,Finance,Menlo Park,4.5,1,100589,3.2,2019-10-18,0
474,Operations,Menlo Park,2.0,5,120992,1.1,2019-09-23,0
475,Sales,Seattle,2.2,2,116250,0.9,2020-08-03,0
476,Marketing,Austin,2.2,3,100890,3.0,2019-01-19,0
477,Product,Menlo Park,1.1,4,108221,1.6,2018-06-08,0
478,Operations,Seattle,0.9,5,115174,0.8,2021-11-26,0
479,Engineering,Menlo Park,5.8,2,84377,5.8,2024-07-19,0
480,HR,Austin,1.4,3,183327,0.6,2020-07-19,0
481,HR,Seattle,0.3,1,216970,0.1,2019-09-16,0
482,Finance,Seattle,0.4,3,147329,0.6,2022-01-31,0
483,Product,Austin,5.1,1,138179,4.4,2024-03-09,0
484,Engineering,New York,3.9,1,180952,5.3,2019-02-03,0
485,Marketing,New York,2.8,1,152503,3.2,2019-11-03,0
486,Sales,New York,4.3,3,83602,5.8,2023-05-22,0
487,Sales,New York,1.8,2,87927,2.9,2024-01-05,0
488,HR,Austin,2.2,2,124479,2.0,2020-11-15,1
489,Sales,New York,1.9,2,205566,0.4,2023-12-31,0
490,HR,New York,5.8,1,63961,4.5,2024-05-25,0
491,Product,New York,0.7,2,104899,0.1,2022-10-03,0
492,Marketing,Remote,3.4,5,136534,2.2,2024-06-27,0
493,Product,New York,1.7,1,194465,0.7,2021-10-13,1
494,Engineering,Austin,1.5,3,105796,2.0,2023-03-07,0
495,HR,New York,0.2,4,167995,1.6,2019-08-30,0
496,Finance,Remote,4.4,3,99645,3.6,2020-06-18,0
497,Finance,Seattle,4.6,1,77534,3.7,2023-07-31,0
498,HR,Seattle,5.9,1,218204,6.8,2022-02-06,0
499,Operations,Menlo Park,0.7,5,151540,1.7,2023-07-26,0
500,Product,Seattle,5.4,1,139420,4.7,2019-11-06,0
